Workbook

Sheet 定数データ
B4: 定数データの置き場所
C10: a | D10: 0.0028656703
C11: b | D11: 0.00029017949
C12: c | D12: 5.680383e-07

Sheet 河口湖生データ
A1: 32 | B1: 9.243
A2: 33 | B2: 9.335
A3: 34 | B3: 9.39
A4: 35 | B4: 9.435
A5: 36 | B5: 9.472
A6: 37 | B6: 9.483
A7: 38 | B7: 9.483
A8: 39 | B8: 9.487
A9: 40 | B9: 9.49
A10: 41 | B10: 9.494
A11: 42 | B11: 9.494
A12: 43 | B12: 9.493
... A95: 125.55 | B95: 9.866

Sheet 河口湖変換後データ
A1: ='河口湖生データ'!A1+0.558-0.99 -> 31.568 | B1: =1/('定数データ'!D$10+'定数データ'!D$11*LOG('河口湖生データ'!B1,EXP(1))+'定数データ'!D$12*LOG('河口湖生データ'!B1^3,EXP(1))) -> 284.51279
A2: ='河口湖生データ'!A2+0.558-0.99 -> 32.568 | B2: =1/('定数データ'!D$10+'定数データ'!D$11*LOG('河口湖生データ'!B2,EXP(1))+'定数データ'!D$12*LOG('河口湖生データ'!B2^3,EXP(1))) -> 284.27897
A3: ='河口湖生データ'!A3+0.558-0.99 -> 33.568 | B3: =1/('定数データ'!D$10+'定数データ'!D$11*LOG('河口湖生データ'!B3,EXP(1))+'定数データ'!D$12*LOG('河口湖生データ'!B3^3,EXP(1))) -> 284.14047
A4: ='河口湖生データ'!A4+0.558-0.99 -> 34.568 | B4: =1/('定数データ'!D$10+'定数データ'!D$11*LOG('河口湖生データ'!B4,EXP(1))+'定数データ'!D$12*LOG('河口湖生データ'!B4^3,EXP(1))) -> 284.02785
A5: ='河口湖生データ'!A5+0.558-0.99 -> 35.568 | B5: =1/('定数データ'!D$10+'定数データ'!D$11*LOG('河口湖生データ'!B5,EXP(1))+'定数データ'!D$12*LOG('河口湖生データ'!B5^3,EXP(1))) -> 283.93572
A6: ='河口湖生データ'!A6+0.558-0.99 -> 36.568 | B6: =1/('定数データ'!D$10+'定数データ'!D$11*LOG('河口湖生データ'!B6,EXP(1))+'定数データ'!D$12*LOG('河口湖生データ'!B6^3,EXP(1))) -> 283.90841
A7: ='河口湖生データ'!A7+0.558-0.99 -> 37.568 | B7: =1/('定数データ'!D$10+'定数データ'!D$11*LOG('河口湖生データ'!B7,EXP(1))+'定数データ'!D$12*LOG('河口湖生データ'!B7^3,EXP(1))) -> 283.90841
A8: ='河口湖生データ'!A8+0.558-0.99 -> 38.568 | B8: =1/('定数データ'!D$10+'定数データ'!D$11*LOG('河口湖生データ'!B8,EXP(1))+'定数データ'!D$12*LOG('河口湖生データ'!B8^3,EXP(1))) -> 283.89849
A9: ='河口湖生データ'!A9+0.558-0.99 -> 39.568 | B9: =1/('定数データ'!D$10+'定数データ'!D$11*LOG('河口湖生データ'!B9,EXP(1))+'定数データ'!D$12*LOG('河口湖生データ'!B9^3,EXP(1))) -> 283.89105
A10: ='河口湖生データ'!A10+0.558-0.99 -> 40.568 | B10: =1/('定数データ'!D$10+'定数データ'!D$11*LOG('河口湖生データ'!B10,EXP(1))+'定数データ'!D$12*LOG('河口湖生データ'!B10^3,EXP(1))) -> 283.88114
A11: ='河口湖生データ'!A11+0.558-0.99 -> 41.568 | B11: =1/('定数データ'!D$10+'定数データ'!D$11*LOG('河口湖生データ'!B11,EXP(1))+'定数データ'!D$12*LOG('河口湖生データ'!B11^3,EXP(1))) -> 283.88114
A12: ='河口湖生データ'!A12+0.558-0.99 -> 42.568 | B12: =1/('定数データ'!D$10+'定数データ'!D$11*LOG('河口湖生データ'!B12,EXP(1))+'定数データ'!D$12*LOG('河口湖生データ'!B12^3,EXP(1))) -> 283.88362
... A95: ='河口湖生データ'!A95+0.558-0.99 -> 125.118 | B95: =1/('定数データ'!D$10+'定数データ'!D$11*LOG('河口湖生データ'!B95,EXP(1))+'定数データ'!D$12*LOG('河口湖生データ'!B95^3,EXP(1))) -> 282.97994

Sheet 河口湖セルシウスデータ
A1: ='河口湖変換後データ'!A1 -> 31.568 | B1: ='河口湖変換後データ'!B1 - 273.15 -> 11.362791
A2: ='河口湖変換後データ'!A2 -> 32.568 | B2: ='河口湖変換後データ'!B2 - 273.15 -> 11.128973
A3: ='河口湖変換後データ'!A3 -> 33.568 | B3: ='河口湖変換後データ'!B3 - 273.15 -> 10.99047
A4: ='河口湖変換後データ'!A4 -> 34.568 | B4: ='河口湖変換後データ'!B4 - 273.15 -> 10.877851
A5: ='河口湖変換後データ'!A5 -> 35.568 | B5: ='河口湖変換後データ'!B5 - 273.15 -> 10.785721
A6: ='河口湖変換後データ'!A6 -> 36.568 | B6: ='河口湖変換後データ'!B6 - 273.15 -> 10.758412
A7: ='河口湖変換後データ'!A7 -> 37.568 | B7: ='河口湖変換後データ'!B7 - 273.15 -> 10.758412
A8: ='河口湖変換後データ'!A8 -> 38.568 | B8: ='河口湖変換後データ'!B8 - 273.15 -> 10.74849
A9: ='河口湖変換後データ'!A9 -> 39.568 | B9: ='河口湖変換後データ'!B9 - 273.15 -> 10.741053
A10: ='河口湖変換後データ'!A10 -> 40.568 | B10: ='河口湖変換後データ'!B10 - 273.15 -> 10.73114
A11: ='河口湖変換後データ'!A11 -> 41.568 | B11: ='河口湖変換後データ'!B11 - 273.15 -> 10.73114
A12: ='河口湖変換後データ'!A12 -> 42.568 | B12: ='河口湖変換後データ'!B12 - 273.15 -> 10.733617
... A95: ='河口湖変換後データ'!A95 -> 125.118 | B95: ='河口湖変換後データ'!B95 - 273.15 -> 9.8299361
A96: ='河口湖変換後データ'!A96
A97: ='河口湖変換後データ'!A97
A98: ='河口湖変換後データ'!A98
A99: ='河口湖変換後データ'!A99
A100: ='河口湖変換後データ'!A100
A101: ='河口湖変換後データ'!A101
A102: ='河口湖変換後データ'!A102
A103: ='河口湖変換後データ'!A103
A104: ='河口湖変換後データ'!A104
A105: ='河口湖変換後データ'!A105
A106: ='河口湖変換後データ'!A106
A107: ='河口湖変換後データ'!A107
... A131: ='河口湖変換後データ'!A131

Sheet 箱根湯本生データ
A1: 7 | B1: 5.3
A2: 10 | B2: 5.161
A3: 15 | B3: 4.857
A4: 20 | B4: 4.57
A5: 25 | B5: 4.332
A6: 30 | B6: 4.068
A7: 35 | B7: 3.822
A8: 40 | B8: 3.629
A9: 45 | B9: 3.409
A10: 50 | B10: 3.273
A11: 55 | B11: 3.057
A12: 60 | B12: 3.002
... A15: 75 | B15: 2.81
A16: 80 | B16: 2.757 | C16: 2.742 | D16: 2.772
A17: 85 | B17: 2.62
A18: 90 | B18: 2.553
A19: 95 | B19: 2.481
A20: 100 | B20: 2.423
A21: 105 | B21: 2.37
A22: 110 | B22: 2.325
A23: 115 | B23: 2.286
A24: 120 | B24: 2.253
A25: 125 | B25: 2.225
A26: 130 | B26: 2.2
A27: 135 | B27: 2.177
A28: 140 | B28: 2.158
... A72: 359.97 | B72: 1.5121

Sheet 箱根湯本変換後データ
A1: ='箱根湯本生データ'!A1+0.558+0.05 -> 7.608 | B1: =1/('定数データ'!D$10+'定数データ'!D$11*LOG('箱根湯本生データ'!B1,EXP(1))+'定数データ'!D$12*LOG('箱根湯本生データ'!B1^3,EXP(1))) -> 298.28962
A2: ='箱根湯本生データ'!A2+0.558+0.05 -> 10.608 | B2: =1/('定数データ'!D$10+'定数データ'!D$11*LOG('箱根湯本生データ'!B2,EXP(1))+'定数データ'!D$12*LOG('箱根湯本生データ'!B2^3,EXP(1))) -> 298.98143
A3: ='箱根湯本生データ'!A3+0.558+0.05 -> 15.608 | B3: =1/('定数データ'!D$10+'定数データ'!D$11*LOG('箱根湯本生データ'!B3,EXP(1))+'定数データ'!D$12*LOG('箱根湯本生データ'!B3^3,EXP(1))) -> 300.57386
A4: ='箱根湯本生データ'!A4+0.558+0.05 -> 20.608 | B4: =1/('定数データ'!D$10+'定数データ'!D$11*LOG('箱根湯本生データ'!B4,EXP(1))+'定数データ'!D$12*LOG('箱根湯本生データ'!B4^3,EXP(1))) -> 302.18864
A5: ='箱根湯本生データ'!A5+0.558+0.05 -> 25.608 | B5: =1/('定数データ'!D$10+'定数データ'!D$11*LOG('箱根湯本生データ'!B5,EXP(1))+'定数データ'!D$12*LOG('箱根湯本生データ'!B5^3,EXP(1))) -> 303.62096
A6: ='箱根湯本生データ'!A6+0.558+0.05 -> 30.608 | B6: =1/('定数データ'!D$10+'定数データ'!D$11*LOG('箱根湯本生データ'!B6,EXP(1))+'定数データ'!D$12*LOG('箱根湯本生データ'!B6^3,EXP(1))) -> 305.32233
A7: ='箱根湯本生データ'!A7+0.558+0.05 -> 35.608 | B7: =1/('定数データ'!D$10+'定数データ'!D$11*LOG('箱根湯本生データ'!B7,EXP(1))+'定数データ'!D$12*LOG('箱根湯本生データ'!B7^3,EXP(1))) -> 307.02911
A8: ='箱根湯本生データ'!A8+0.558+0.05 -> 40.608 | B8: =1/('定数データ'!D$10+'定数データ'!D$11*LOG('箱根湯本生データ'!B8,EXP(1))+'定数データ'!D$12*LOG('箱根湯本生データ'!B8^3,EXP(1))) -> 308.46149
A9: ='箱根湯本生データ'!A9+0.558+0.05 -> 45.608 | B9: =1/('定数データ'!D$10+'定数データ'!D$11*LOG('箱根湯本生データ'!B9,EXP(1))+'定数データ'!D$12*LOG('箱根湯本生データ'!B9^3,EXP(1))) -> 310.20815
A10: ='箱根湯本生データ'!A10+0.558+0.05 -> 50.608 | B10: =1/('定数データ'!D$10+'定数データ'!D$11*LOG('箱根湯本生データ'!B10,EXP(1))+'定数データ'!D$12*LOG('箱根湯本生データ'!B10^3,EXP(1))) -> 311.35589
A11: ='箱根湯本生データ'!A11+0.558+0.05 -> 55.608 | B11: =1/('定数データ'!D$10+'定数データ'!D$11*LOG('箱根湯本生データ'!B11,EXP(1))+'定数データ'!D$12*LOG('箱根湯本生データ'!B11^3,EXP(1))) -> 313.2998
A12: ='箱根湯本生データ'!A12+0.558+0.05 -> 60.608 | B12: =1/('定数データ'!D$10+'定数データ'!D$11*LOG('箱根湯本生データ'!B12,EXP(1))+'定数データ'!D$12*LOG('箱根湯本生データ'!B12^3,EXP(1))) -> 313.82082
... A72: ='箱根湯本生データ'!A72+0.558+0.05 -> 360.578 | B72: =1/('定数データ'!D$10+'定数データ'!D$11*LOG('箱根湯本生データ'!B72,EXP(1))+'定数データ'!D$12*LOG('箱根湯本生データ'!B72^3,EXP(1))) -> 334.85536

Sheet 箱根湯本セルシウスデータ
A1: ='箱根湯本変換後データ'!A1 -> 7.608 | B1: ='箱根湯本変換後データ'!B1 - 273.15 -> 25.139616
A2: ='箱根湯本変換後データ'!A2 -> 10.608 | B2: ='箱根湯本変換後データ'!B2 - 273.15 -> 25.83143
A3: ='箱根湯本変換後データ'!A3 -> 15.608 | B3: ='箱根湯本変換後データ'!B3 - 273.15 -> 27.423862
A4: ='箱根湯本変換後データ'!A4 -> 20.608 | B4: ='箱根湯本変換後データ'!B4 - 273.15 -> 29.038636
A5: ='箱根湯本変換後データ'!A5 -> 25.608 | B5: ='箱根湯本変換後データ'!B5 - 273.15 -> 30.470964
A6: ='箱根湯本変換後データ'!A6 -> 30.608 | B6: ='箱根湯本変換後データ'!B6 - 273.15 -> 32.17233
A7: ='箱根湯本変換後データ'!A7 -> 35.608 | B7: ='箱根湯本変換後データ'!B7 - 273.15 -> 33.879106
A8: ='箱根湯本変換後データ'!A8 -> 40.608 | B8: ='箱根湯本変換後データ'!B8 - 273.15 -> 35.311493
A9: ='箱根湯本変換後データ'!A9 -> 45.608 | B9: ='箱根湯本変換後データ'!B9 - 273.15 -> 37.058154
A10: ='箱根湯本変換後データ'!A10 -> 50.608 | B10: ='箱根湯本変換後データ'!B10 - 273.15 -> 38.205891
A11: ='箱根湯本変換後データ'!A11 -> 55.608 | B11: ='箱根湯本変換後データ'!B11 - 273.15 -> 40.149799
A12: ='箱根湯本変換後データ'!A12 -> 60.608 | B12: ='箱根湯本変換後データ'!B12 - 273.15 -> 40.67082
... A72: ='箱根湯本変換後データ'!A72 -> 360.578 | B72: ='箱根湯本変換後データ'!B72 - 273.15 -> 61.705363
A73: ='箱根湯本変換後データ'!A73
A74: ='箱根湯本変換後データ'!A74
A75: ='箱根湯本変換後データ'!A75
A76: ='箱根湯本変換後データ'!A76
A77: ='箱根湯本変換後データ'!A77
A78: ='箱根湯本変換後データ'!A78
A79: ='箱根湯本変換後データ'!A79
A80: ='箱根湯本変換後データ'!A80
A81: ='箱根湯本変換後データ'!A81
A82: ='箱根湯本変換後データ'!A82
A83: ='箱根湯本変換後データ'!A83
A84: ='箱根湯本変換後データ'!A84
... A102: ='箱根湯本変換後データ'!A102
